family,family_label,block_name,mean_test_roc_auc,mean_test_pr_auc,mean_test_balanced_accuracy,mean_test_f1,mean_test_brier,mean_threshold,n_splits
hist_gradient_boosting,HistGradientBoosting,B3_context_ae,0.9547197679189998,0.907328938619647,0.9001152135756844,0.8728662624899316,0.08537347464654566,0.2986401749788127,3
random_forest,Random Forest,B3_context_ae,0.9272015567169619,0.889146389539464,0.8366570814876567,0.8145561651208727,0.11125042570948836,0.492514967613302,3
logistic_regression,Logistic Regression,B2_context,0.8545554469902953,0.789983350561616,0.722250251401826,0.6773040734251277,0.1345475467190975,0.3401016974038147,3
