seed,split_id,test_roc_auc,test_pr_auc,test_balanced_accuracy
214,holdout_O012791,0.8954666403260504,0.8046494451094809,0.8284806571460367
214,holdout_O013257,0.9787626340952813,0.9308534278189622,0.9285636796759551
214,holdout_O013490,0.9899300293356676,0.9864839429304979,0.9433013039050616
215,holdout_O012791,0.8954666403260504,0.8046494451094809,0.8284806571460367
215,holdout_O013257,0.9787626340952813,0.9308534278189622,0.9285636796759551
215,holdout_O013490,0.9899300293356676,0.9864839429304979,0.9433013039050616
216,holdout_O012791,0.8954666403260504,0.8046494451094809,0.8284806571460367
216,holdout_O013257,0.9787626340952813,0.9308534278189622,0.9285636796759551
216,holdout_O013490,0.9899300293356676,0.9864839429304979,0.9433013039050616
