image_id,n_rows,mean_prob_cloud,predicted_cloud_fraction
O002539,115378,0.9309924101269172,0.9635632442926728
O045178,115442,0.6045070434613846,0.6726754560731796
O119738,115470,0.6046996671928836,0.6682947951848965
