family,family_label,block_name,mean_test_roc_auc,mean_test_pr_auc,mean_test_balanced_accuracy,mean_test_f1,mean_test_brier,mean_threshold,n_splits
hist_gradient_boosting,HistGradientBoosting,B3_context_ae,0.9542561749180702,0.9051723394570388,0.9003448215717725,0.8726391846207046,0.08549744831847995,0.32219380098913364,3
random_forest,Random Forest,B3_context_ae,0.9272964904743454,0.8896548398921297,0.8464848109329434,0.8206525511276959,0.10976928367818507,0.4826059026733987,3
logistic_regression,Logistic Regression,B2_context,0.8550975733176233,0.790501875260337,0.7222190075920217,0.6770181789602293,0.1343796109003073,0.34125961395757815,3
