image_id,n_rows,mean_prob_cloud,predicted_cloud_fraction
O002539,115378,0.931250888125291,0.9616217996498466
O045178,115442,0.6085490744774326,0.671843869648828
O119738,115470,0.6098870836939241,0.6687191478306054
